Folio	Quire	SmoothHairy	urn:cite:hmt:msA.BifolioWith	ReplacementPage
urn:cite:hmt:msA.12r	1	smooth	urn:cite:hmt:msA.19v	no
urn:cite:hmt:msA.12v	1	hairy	urn:cite:hmt:msA.19r	no
urn:cite:hmt:msA.13r	1	hairy	urn:cite:hmt:msA.18v	no
urn:cite:hmt:msA.13v	1	smooth	urn:cite:hmt:msA.18r	no
urn:cite:hmt:msA.14r	1	smooth	urn:cite:hmt:msA.17v	no
urn:cite:hmt:msA.14v	1	hairy	urn:cite:hmt:msA.17r	no
urn:cite:hmt:msA.15r	1	hairy	urn:cite:hmt:msA.16v	no
urn:cite:hmt:msA.15v	1	smooth	urn:cite:hmt:msA.16r	no
urn:cite:hmt:msA.16r	1	smooth	urn:cite:hmt:msA.15v	no
urn:cite:hmt:msA.16v	1	hairy	urn:cite:hmt:msA.15r	no
urn:cite:hmt:msA.17r	1	hairy	urn:cite:hmt:msA.14v	no
urn:cite:hmt:msA.17v	1	smooth	urn:cite:hmt:msA.14r	no
urn:cite:hmt:msA.18r	1	smooth	urn:cite:hmt:msA.13v	no
urn:cite:hmt:msA.18v	1	hairy	urn:cite:hmt:msA.13r	no
urn:cite:hmt:msA.19r	1	hairy	urn:cite:hmt:msA.12v	no
urn:cite:hmt:msA.19v	1	smooth	urn:cite:hmt:msA.12r	no
urn:cite:hmt:msA.20r	2	smooth	urn:cite:hmt:msA.27v	no
urn:cite:hmt:msA.20v	2	hairy	urn:cite:hmt:msA.27r	no
urn:cite:hmt:msA.21r	2	hairy	urn:cite:hmt:msA.26v	no
urn:cite:hmt:msA.21v	2	smooth	urn:cite:hmt:msA.26r	no
urn:cite:hmt:msA.22r	2	smooth	urn:cite:hmt:msA.25v	no
urn:cite:hmt:msA.22v	2	hairy	urn:cite:hmt:msA.25r	no
urn:cite:hmt:msA.23r	2	hairy	urn:cite:hmt:msA.24v	no
urn:cite:hmt:msA.23v	2	smooth	urn:cite:hmt:msA.24r	no
urn:cite:hmt:msA.24r	2	smooth	urn:cite:hmt:msA.23v	no
urn:cite:hmt:msA.24v	2	hairy	urn:cite:hmt:msA.23r	no
urn:cite:hmt:msA.25r	2	hairy	urn:cite:hmt:msA.22v	no
urn:cite:hmt:msA.25v	2	smooth	urn:cite:hmt:msA.22r	no
urn:cite:hmt:msA.26r	2	smooth	urn:cite:hmt:msA.21v	no
urn:cite:hmt:msA.26v	2	hairy	urn:cite:hmt:msA.21r	no
urn:cite:hmt:msA.27r	2	hairy	urn:cite:hmt:msA.20v	no
urn:cite:hmt:msA.27v	2	smooth	urn:cite:hmt:msA.20r	no
urn:cite:hmt:msA.28r	3	smooth	urn:cite:hmt:msA.35v	no
urn:cite:hmt:msA.28v	3	hairy	urn:cite:hmt:msA.35r	no
urn:cite:hmt:msA.29r	3	hairy	urn:cite:hmt:msA.34v	no
urn:cite:hmt:msA.29v	3	smooth	urn:cite:hmt:msA.34r	no
urn:cite:hmt:msA.30r	3	smooth	urn:cite:hmt:msA.33v	no
urn:cite:hmt:msA.30v	3	hairy	urn:cite:hmt:msA.33r	no
urn:cite:hmt:msA.31r	3	hairy	urn:cite:hmt:msA.32v	no
urn:cite:hmt:msA.31v	3	smooth	urn:cite:hmt:msA.32r	no
urn:cite:hmt:msA.32r	3	smooth	urn:cite:hmt:msA.31v	no
urn:cite:hmt:msA.32v	3	hairy	urn:cite:hmt:msA.31r	no
urn:cite:hmt:msA.33r	3	hairy	urn:cite:hmt:msA.30v	no
urn:cite:hmt:msA.33v	3	smooth	urn:cite:hmt:msA.30r	no
urn:cite:hmt:msA.34r	3	smooth	urn:cite:hmt:msA.29v	no
urn:cite:hmt:msA.34v	3	hairy	urn:cite:hmt:msA.29r	no
urn:cite:hmt:msA.35r	3	hairy	urn:cite:hmt:msA.28v	no
urn:cite:hmt:msA.35v	3	smooth	urn:cite:hmt:msA.28r	no
urn:cite:hmt:msA.36r	4	smooth	urn:cite:hmt:msA.43v	no
urn:cite:hmt:msA.36v	4	hairy	urn:cite:hmt:msA.43r	no
urn:cite:hmt:msA.37r	4	hairy	urn:cite:hmt:msA.42v	no
urn:cite:hmt:msA.37v	4	smooth	urn:cite:hmt:msA.42r	no
urn:cite:hmt:msA.38r	4	smooth	urn:cite:hmt:msA.41v	no
urn:cite:hmt:msA.38v	4	hairy	urn:cite:hmt:msA.41r	no
urn:cite:hmt:msA.39r	4	hairy	urn:cite:hmt:msA.40v	no
urn:cite:hmt:msA.39v	4	smooth	urn:cite:hmt:msA.40r	no
urn:cite:hmt:msA.40r	4	smooth	urn:cite:hmt:msA.39v	no
urn:cite:hmt:msA.40v	4	hairy	urn:cite:hmt:msA.39r	no
urn:cite:hmt:msA.41r	4	hairy	urn:cite:hmt:msA.38v	no
urn:cite:hmt:msA.41v	4	smooth	urn:cite:hmt:msA.38r	no
urn:cite:hmt:msA.42r	4	smooth	urn:cite:hmt:msA.37v	no
urn:cite:hmt:msA.42v	4	hairy	urn:cite:hmt:msA.37r	no
urn:cite:hmt:msA.43r	4	hairy	urn:cite:hmt:msA.36v	no
urn:cite:hmt:msA.43v	4	smooth	urn:cite:hmt:msA.36r	no
urn:cite:hmt:msA.44r	5	smooth	urn:cite:hmt:msA.51v	no
urn:cite:hmt:msA.44v	5	hairy	urn:cite:hmt:msA.51r	no
urn:cite:hmt:msA.45r	5	hairy	urn:cite:hmt:msA.50v	no
urn:cite:hmt:msA.45v	5	smooth	urn:cite:hmt:msA.50r	no
urn:cite:hmt:msA.46r	5	smooth	urn:cite:hmt:msA.49v	no
urn:cite:hmt:msA.46v	5	hairy	urn:cite:hmt:msA.49r	no
urn:cite:hmt:msA.47r	5	hairy	urn:cite:hmt:msA.48v	no
urn:cite:hmt:msA.47v	5	smooth	urn:cite:hmt:msA.48r	no
urn:cite:hmt:msA.48r	5	smooth	urn:cite:hmt:msA.47v	no
urn:cite:hmt:msA.48v	5	hairy	urn:cite:hmt:msA.47r	no
urn:cite:hmt:msA.49r	5	hairy	urn:cite:hmt:msA.46v	no
urn:cite:hmt:msA.49v	5	smooth	urn:cite:hmt:msA.46r	no
urn:cite:hmt:msA.50r	5	smooth	urn:cite:hmt:msA.45v	no
urn:cite:hmt:msA.50v	5	hairy	urn:cite:hmt:msA.45r	no
urn:cite:hmt:msA.51r	5	hairy	urn:cite:hmt:msA.44v	no
urn:cite:hmt:msA.51v	5	smooth	urn:cite:hmt:msA.44r	no
urn:cite:hmt:msA.52r	6	smooth	urn:cite:hmt:msA.59v	no
urn:cite:hmt:msA.52v	6	hairy	urn:cite:hmt:msA.59r	no
urn:cite:hmt:msA.53r	6	hairy	urn:cite:hmt:msA.58v	no
urn:cite:hmt:msA.53v	6	smooth	urn:cite:hmt:msA.58r	no
urn:cite:hmt:msA.54r	6	smooth	urn:cite:hmt:msA.57v	no
urn:cite:hmt:msA.54v	6	hairy	urn:cite:hmt:msA.57r	no
urn:cite:hmt:msA.55r	6	hairy	urn:cite:hmt:msA.56v	no
urn:cite:hmt:msA.55v	6	smooth	urn:cite:hmt:msA.56r	no
urn:cite:hmt:msA.56r	6	smooth	urn:cite:hmt:msA.55v	no
urn:cite:hmt:msA.56v	6	hairy	urn:cite:hmt:msA.55r	no
urn:cite:hmt:msA.57r	6	hairy	urn:cite:hmt:msA.54v	no
urn:cite:hmt:msA.57v	6	smooth	urn:cite:hmt:msA.54r	no
urn:cite:hmt:msA.58r	6	smooth	urn:cite:hmt:msA.53v	no
urn:cite:hmt:msA.58v	6	hairy	urn:cite:hmt:msA.53r	no
urn:cite:hmt:msA.59r	6	hairy	urn:cite:hmt:msA.52v	no
urn:cite:hmt:msA.59v	6	smooth	urn:cite:hmt:msA.52r	no
urn:cite:hmt:msA.60r	7	smooth	urn:cite:hmt:msA.67v	no
urn:cite:hmt:msA.60v	7	hairy	urn:cite:hmt:msA.67r	no
urn:cite:hmt:msA.61r	7	hairy	urn:cite:hmt:msA.66v	no
urn:cite:hmt:msA.61v	7	smooth	urn:cite:hmt:msA.66r	no
urn:cite:hmt:msA.62r	7	smooth	urn:cite:hmt:msA.65v	no
urn:cite:hmt:msA.62v	7	hairy	urn:cite:hmt:msA.65r	no
urn:cite:hmt:msA.63r	7	hairy	urn:cite:hmt:msA.64v	no
urn:cite:hmt:msA.63v	7	smooth	urn:cite:hmt:msA.64r	no
urn:cite:hmt:msA.64r	7	smooth	urn:cite:hmt:msA.63v	no
urn:cite:hmt:msA.64v	7	hairy	urn:cite:hmt:msA.63r	no
urn:cite:hmt:msA.65r	7	hairy	urn:cite:hmt:msA.62v	no
urn:cite:hmt:msA.65v	7	smooth	urn:cite:hmt:msA.62r	no
urn:cite:hmt:msA.66r	7	smooth	urn:cite:hmt:msA.61v	no
urn:cite:hmt:msA.66v	7	hairy	urn:cite:hmt:msA.61r	no
urn:cite:hmt:msA.67r	7	hairy	urn:cite:hmt:msA.60v	no
urn:cite:hmt:msA.67v	7	smooth	urn:cite:hmt:msA.60r	no
urn:cite:hmt:msA.68r	8	smooth	urn:cite:hmt:msA.75v	no
urn:cite:hmt:msA.68v	8	hairy	urn:cite:hmt:msA.75r	no
urn:cite:hmt:msA.69r	8	hairy	urn:cite:hmt:msA.74v	yes
urn:cite:hmt:msA.69v	8	smooth	urn:cite:hmt:msA.74r	yes
urn:cite:hmt:msA.70r	8	smooth	urn:cite:hmt:msA.73v	yes
urn:cite:hmt:msA.70v	8	hairy	urn:cite:hmt:msA.73r	yes
urn:cite:hmt:msA.71r	8	hairy	urn:cite:hmt:msA.72v	yes
urn:cite:hmt:msA.71v	8	smooth	urn:cite:hmt:msA.72r	yes
urn:cite:hmt:msA.72r	8	smooth	urn:cite:hmt:msA.71v	yes
urn:cite:hmt:msA.72v	8	hairy	urn:cite:hmt:msA.71r	yes
urn:cite:hmt:msA.73r	8	hairy	urn:cite:hmt:msA.70v	yes
urn:cite:hmt:msA.73v	8	smooth	urn:cite:hmt:msA.70r	yes
urn:cite:hmt:msA.74r	8	smooth	urn:cite:hmt:msA.69v	yes
urn:cite:hmt:msA.74v	8	hairy	urn:cite:hmt:msA.69r	yes
urn:cite:hmt:msA.75r	8	hairy	urn:cite:hmt:msA.68v	no
urn:cite:hmt:msA.75v	8	smooth	urn:cite:hmt:msA.68r	no
urn:cite:hmt:msA.76r	9	smooth	urn:cite:hmt:msA.83v	no
urn:cite:hmt:msA.76v	9	hairy	urn:cite:hmt:msA.83r	no
urn:cite:hmt:msA.77r	9	hairy	urn:cite:hmt:msA.82v	no
urn:cite:hmt:msA.77v	9	smooth	urn:cite:hmt:msA.82r	no
urn:cite:hmt:msA.78r	9	smooth	urn:cite:hmt:msA.81v	no
urn:cite:hmt:msA.78v	9	hairy	urn:cite:hmt:msA.81r	no
urn:cite:hmt:msA.79r	9	hairy	urn:cite:hmt:msA.80v	no
urn:cite:hmt:msA.79v	9	smooth	urn:cite:hmt:msA.80r	no
urn:cite:hmt:msA.80r	9	smooth	urn:cite:hmt:msA.79v	no
urn:cite:hmt:msA.80v	9	hairy	urn:cite:hmt:msA.79r	no
urn:cite:hmt:msA.81r	9	hairy	urn:cite:hmt:msA.78v	no
urn:cite:hmt:msA.81v	9	smooth	urn:cite:hmt:msA.78r	no
urn:cite:hmt:msA.82r	9	smooth	urn:cite:hmt:msA.77v	no
urn:cite:hmt:msA.82v	9	hairy	urn:cite:hmt:msA.77r	no
urn:cite:hmt:msA.83r	9	hairy	urn:cite:hmt:msA.76v	no
urn:cite:hmt:msA.83v	9	smooth	urn:cite:hmt:msA.76r	no
urn:cite:hmt:msA.84r	10	smooth	urn:cite:hmt:msA.91v	no
urn:cite:hmt:msA.84v	10	hairy	urn:cite:hmt:msA.91r	no
urn:cite:hmt:msA.85r	10	hairy	urn:cite:hmt:msA.90v	no
urn:cite:hmt:msA.85v	10	smooth	urn:cite:hmt:msA.90r	no
urn:cite:hmt:msA.86r	10	smooth	urn:cite:hmt:msA.89v	no
urn:cite:hmt:msA.86v	10	hairy	urn:cite:hmt:msA.89r	no
urn:cite:hmt:msA.87r	10	hairy	urn:cite:hmt:msA.88v	no
urn:cite:hmt:msA.87v	10	smooth	urn:cite:hmt:msA.88r	no
urn:cite:hmt:msA.88r	10	smooth	urn:cite:hmt:msA.87v	no
urn:cite:hmt:msA.88v	10	hairy	urn:cite:hmt:msA.87r	no
urn:cite:hmt:msA.89r	10	hairy	urn:cite:hmt:msA.86v	no
urn:cite:hmt:msA.89v	10	smooth	urn:cite:hmt:msA.86r	no
urn:cite:hmt:msA.90r	10	smooth	urn:cite:hmt:msA.85v	no
urn:cite:hmt:msA.90v	10	hairy	urn:cite:hmt:msA.85r	no
urn:cite:hmt:msA.91r	10	hairy	urn:cite:hmt:msA.84v	no
urn:cite:hmt:msA.91v	10	smooth	urn:cite:hmt:msA.84r	no
urn:cite:hmt:msA.92r	11	smooth	urn:cite:hmt:msA.99v	no
urn:cite:hmt:msA.92v	11	hairy	urn:cite:hmt:msA.99r	no
urn:cite:hmt:msA.93r	11	hairy	urn:cite:hmt:msA.98v	no
urn:cite:hmt:msA.93v	11	smooth	urn:cite:hmt:msA.98r	no
urn:cite:hmt:msA.94r	11	smooth	urn:cite:hmt:msA.97v	no
urn:cite:hmt:msA.94v	11	hairy	urn:cite:hmt:msA.97r	no
urn:cite:hmt:msA.95r	11	hairy	urn:cite:hmt:msA.96v	no
urn:cite:hmt:msA.95v	11	smooth	urn:cite:hmt:msA.96r	no
urn:cite:hmt:msA.96r	11	smooth	urn:cite:hmt:msA.95v	no
urn:cite:hmt:msA.96v	11	hairy	urn:cite:hmt:msA.95r	no
urn:cite:hmt:msA.97r	11	hairy	urn:cite:hmt:msA.94v	no
urn:cite:hmt:msA.97v	11	smooth	urn:cite:hmt:msA.94r	no
urn:cite:hmt:msA.98r	11	smooth	urn:cite:hmt:msA.93v	no
urn:cite:hmt:msA.98v	11	hairy	urn:cite:hmt:msA.93r	no
urn:cite:hmt:msA.99r	11	hairy	urn:cite:hmt:msA.92v	no
urn:cite:hmt:msA.99v	11	smooth	urn:cite:hmt:msA.92r	no
urn:cite:hmt:msA.100r	12	smooth	urn:cite:hmt:msA.107v	no
urn:cite:hmt:msA.100v	12	hairy	urn:cite:hmt:msA.107r	no
urn:cite:hmt:msA.101r	12	hairy	urn:cite:hmt:msA.106v	no
urn:cite:hmt:msA.101v	12	smooth	urn:cite:hmt:msA.106r	no
urn:cite:hmt:msA.102r	12	smooth	urn:cite:hmt:msA.105v	no
urn:cite:hmt:msA.102v	12	hairy	urn:cite:hmt:msA.105r	no
urn:cite:hmt:msA.103r	12	hairy	urn:cite:hmt:msA.104v	no
urn:cite:hmt:msA.103v	12	smooth	urn:cite:hmt:msA.104r	no
urn:cite:hmt:msA.104r	12	smooth	urn:cite:hmt:msA.103v	no
urn:cite:hmt:msA.104v	12	hairy	urn:cite:hmt:msA.103r	no
urn:cite:hmt:msA.105r	12	hairy	urn:cite:hmt:msA.102v	no
urn:cite:hmt:msA.105v	12	smooth	urn:cite:hmt:msA.102r	no
urn:cite:hmt:msA.106r	12	smooth	urn:cite:hmt:msA.101v	no
urn:cite:hmt:msA.106v	12	hairy	urn:cite:hmt:msA.101r	no
urn:cite:hmt:msA.107r	12	hairy	urn:cite:hmt:msA.100v	no
urn:cite:hmt:msA.107v	12	smooth	urn:cite:hmt:msA.100r	no
urn:cite:hmt:msA.108r	13	smooth	urn:cite:hmt:msA.115v	no
urn:cite:hmt:msA.108v	13	hairy	urn:cite:hmt:msA.115r	no
urn:cite:hmt:msA.109r	13	hairy	urn:cite:hmt:msA.114v	no
urn:cite:hmt:msA.109v	13	smooth	urn:cite:hmt:msA.114r	no
urn:cite:hmt:msA.110r	13	smooth	urn:cite:hmt:msA.113v	no
urn:cite:hmt:msA.110v	13	hairy	urn:cite:hmt:msA.113r	no
urn:cite:hmt:msA.111r	13	hairy	urn:cite:hmt:msA.112v	no
urn:cite:hmt:msA.111v	13	smooth	urn:cite:hmt:msA.112r	no
urn:cite:hmt:msA.112r	13	smooth	urn:cite:hmt:msA.111v	no
urn:cite:hmt:msA.112v	13	hairy	urn:cite:hmt:msA.111r	no
urn:cite:hmt:msA.113r	13	hairy	urn:cite:hmt:msA.110v	no
urn:cite:hmt:msA.113v	13	smooth	urn:cite:hmt:msA.110r	no
urn:cite:hmt:msA.114r	13	smooth	urn:cite:hmt:msA.109v	no
urn:cite:hmt:msA.114v	13	hairy	urn:cite:hmt:msA.109r	no
urn:cite:hmt:msA.115r	13	hairy	urn:cite:hmt:msA.108v	no
urn:cite:hmt:msA.115v	13	smooth	urn:cite:hmt:msA.108r	no
urn:cite:hmt:msA.116r	14	smooth	urn:cite:hmt:msA.123v	no
urn:cite:hmt:msA.116v	14	hairy	urn:cite:hmt:msA.123r	no
urn:cite:hmt:msA.117r	14	hairy	urn:cite:hmt:msA.122v	no
urn:cite:hmt:msA.117v	14	smooth	urn:cite:hmt:msA.122r	no
urn:cite:hmt:msA.118r	14	smooth	urn:cite:hmt:msA.121v	no
urn:cite:hmt:msA.118v	14	hairy	urn:cite:hmt:msA.121r	no
urn:cite:hmt:msA.119r	14	hairy	urn:cite:hmt:msA.120v	no
urn:cite:hmt:msA.119v	14	smooth	urn:cite:hmt:msA.120r	no
urn:cite:hmt:msA.120r	14	smooth	urn:cite:hmt:msA.119v	no
urn:cite:hmt:msA.120v	14	hairy	urn:cite:hmt:msA.119r	no
urn:cite:hmt:msA.121r	14	hairy	urn:cite:hmt:msA.118v	no
urn:cite:hmt:msA.121v	14	smooth	urn:cite:hmt:msA.118r	no
urn:cite:hmt:msA.122r	14	smooth	urn:cite:hmt:msA.117v	no
urn:cite:hmt:msA.122v	14	hairy	urn:cite:hmt:msA.117r	no
urn:cite:hmt:msA.123r	14	hairy	urn:cite:hmt:msA.116v	no
urn:cite:hmt:msA.123v	14	smooth	urn:cite:hmt:msA.116r	no
urn:cite:hmt:msA.124r	15	smooth	urn:cite:hmt:msA.131v	no
urn:cite:hmt:msA.124v	15	hairy	urn:cite:hmt:msA.131r	no
urn:cite:hmt:msA.125r	15	hairy	urn:cite:hmt:msA.130v	no
urn:cite:hmt:msA.125v	15	smooth	urn:cite:hmt:msA.130r	no
urn:cite:hmt:msA.126r	15	smooth	urn:cite:hmt:msA.129v	no
urn:cite:hmt:msA.126v	15	hairy	urn:cite:hmt:msA.129r	no
urn:cite:hmt:msA.127r	15	hairy	urn:cite:hmt:msA.128v	no
urn:cite:hmt:msA.127v	15	smooth	urn:cite:hmt:msA.128r	no
urn:cite:hmt:msA.128r	15	smooth	urn:cite:hmt:msA.127v	no
urn:cite:hmt:msA.128v	15	hairy	urn:cite:hmt:msA.127r	no
urn:cite:hmt:msA.129r	15	hairy	urn:cite:hmt:msA.126v	no
urn:cite:hmt:msA.129v	15	smooth	urn:cite:hmt:msA.126r	no
urn:cite:hmt:msA.130r	15	smooth	urn:cite:hmt:msA.125v	no
urn:cite:hmt:msA.130v	15	hairy	urn:cite:hmt:msA.125r	no
urn:cite:hmt:msA.131r	15	hairy	urn:cite:hmt:msA.124v	no
urn:cite:hmt:msA.131v	15	smooth	urn:cite:hmt:msA.124r	no
urn:cite:hmt:msA.132r	16	smooth	urn:cite:hmt:msA.139v	no
urn:cite:hmt:msA.132v	16	hairy	urn:cite:hmt:msA.139r	no
urn:cite:hmt:msA.133r	16	hairy	urn:cite:hmt:msA.138v	no
urn:cite:hmt:msA.133v	16	smooth	urn:cite:hmt:msA.138r	no
urn:cite:hmt:msA.134r	16	smooth	urn:cite:hmt:msA.137v	no
urn:cite:hmt:msA.134v	16	hairy	urn:cite:hmt:msA.137r	no
urn:cite:hmt:msA.135r	16	hairy	urn:cite:hmt:msA.136v	no
urn:cite:hmt:msA.135v	16	smooth	urn:cite:hmt:msA.136r	no
urn:cite:hmt:msA.136r	16	smooth	urn:cite:hmt:msA.135v	no
urn:cite:hmt:msA.136v	16	hairy	urn:cite:hmt:msA.135r	no
urn:cite:hmt:msA.137r	16	hairy	urn:cite:hmt:msA.134v	no
urn:cite:hmt:msA.137v	16	smooth	urn:cite:hmt:msA.134r	no
urn:cite:hmt:msA.138r	16	smooth	urn:cite:hmt:msA.133v	no
urn:cite:hmt:msA.138v	16	hairy	urn:cite:hmt:msA.133r	no
urn:cite:hmt:msA.139r	16	hairy	urn:cite:hmt:msA.132v	no
urn:cite:hmt:msA.139v	16	smooth	urn:cite:hmt:msA.132r	no
urn:cite:hmt:msA.140r	17	smooth	urn:cite:hmt:msA.147v	no
urn:cite:hmt:msA.140v	17	hairy	urn:cite:hmt:msA.147r	no
urn:cite:hmt:msA.141r	17	hairy	urn:cite:hmt:msA.146v	no
urn:cite:hmt:msA.141v	17	smooth	urn:cite:hmt:msA.146r	no
urn:cite:hmt:msA.142r	17	smooth	urn:cite:hmt:msA.145v	no
urn:cite:hmt:msA.142v	17	hairy	urn:cite:hmt:msA.145r	no
urn:cite:hmt:msA.143r	17	hairy	urn:cite:hmt:msA.144v	no
urn:cite:hmt:msA.143v	17	smooth	urn:cite:hmt:msA.144r	no
urn:cite:hmt:msA.144r	17	smooth	urn:cite:hmt:msA.143v	no
urn:cite:hmt:msA.144v	17	hairy	urn:cite:hmt:msA.143r	no
urn:cite:hmt:msA.145r	17	hairy	urn:cite:hmt:msA.142v	no
urn:cite:hmt:msA.145v	17	smooth	urn:cite:hmt:msA.142r	no
urn:cite:hmt:msA.146r	17	smooth	urn:cite:hmt:msA.141v	no
urn:cite:hmt:msA.146v	17	hairy	urn:cite:hmt:msA.141r	no
urn:cite:hmt:msA.147r	17	hairy	urn:cite:hmt:msA.140v	no
urn:cite:hmt:msA.147v	17	smooth	urn:cite:hmt:msA.140r	no
urn:cite:hmt:msA.148r	18	smooth	urn:cite:hmt:msA.155v	no
urn:cite:hmt:msA.148v	18	hairy	urn:cite:hmt:msA.155r	no
urn:cite:hmt:msA.149r	18	hairy	urn:cite:hmt:msA.154v	no
urn:cite:hmt:msA.149v	18	smooth	urn:cite:hmt:msA.154r	no
urn:cite:hmt:msA.150r	18	smooth	urn:cite:hmt:msA.153v	no
urn:cite:hmt:msA.150v	18	hairy	urn:cite:hmt:msA.153r	no
urn:cite:hmt:msA.151r	18	hairy	urn:cite:hmt:msA.152v	no
urn:cite:hmt:msA.151v	18	smooth	urn:cite:hmt:msA.152r	no
urn:cite:hmt:msA.152r	18	smooth	urn:cite:hmt:msA.151v	no
urn:cite:hmt:msA.152v	18	hairy	urn:cite:hmt:msA.151r	no
urn:cite:hmt:msA.153r	18	hairy	urn:cite:hmt:msA.150v	no
urn:cite:hmt:msA.153v	18	smooth	urn:cite:hmt:msA.150r	no
urn:cite:hmt:msA.154r	18	smooth	urn:cite:hmt:msA.149v	no
urn:cite:hmt:msA.154v	18	hairy	urn:cite:hmt:msA.149r	no
urn:cite:hmt:msA.155r	18	hairy	urn:cite:hmt:msA.148v	no
urn:cite:hmt:msA.155v	18	smooth	urn:cite:hmt:msA.148r	no
urn:cite:hmt:msA.156r	19	smooth	urn:cite:hmt:msA.163v	no
urn:cite:hmt:msA.156v	19	hairy	urn:cite:hmt:msA.163r	no
urn:cite:hmt:msA.157r	19	hairy	urn:cite:hmt:msA.162v	no
urn:cite:hmt:msA.157v	19	smooth	urn:cite:hmt:msA.162r	no
urn:cite:hmt:msA.158r	19	smooth	urn:cite:hmt:msA.161v	no
urn:cite:hmt:msA.158v	19	hairy	urn:cite:hmt:msA.161r	no
urn:cite:hmt:msA.159r	19	hairy	urn:cite:hmt:msA.160v	no
urn:cite:hmt:msA.159v	19	smooth	urn:cite:hmt:msA.160r	no
urn:cite:hmt:msA.160r	19	smooth	urn:cite:hmt:msA.159v	no
urn:cite:hmt:msA.160v	19	hairy	urn:cite:hmt:msA.159r	no
urn:cite:hmt:msA.161r	19	hairy	urn:cite:hmt:msA.158v	no
urn:cite:hmt:msA.161v	19	smooth	urn:cite:hmt:msA.158r	no
urn:cite:hmt:msA.162r	19	smooth	urn:cite:hmt:msA.157v	no
urn:cite:hmt:msA.162v	19	hairy	urn:cite:hmt:msA.157r	no
urn:cite:hmt:msA.163r	19	hairy	urn:cite:hmt:msA.156v	no
urn:cite:hmt:msA.163v	19	smooth	urn:cite:hmt:msA.156r	no
urn:cite:hmt:msA.164r	20	smooth	urn:cite:hmt:msA.171v	no
urn:cite:hmt:msA.164v	20	hairy	urn:cite:hmt:msA.171r	no
urn:cite:hmt:msA.165r	20	hairy	urn:cite:hmt:msA.170v	no
urn:cite:hmt:msA.165v	20	smooth	urn:cite:hmt:msA.170r	no
urn:cite:hmt:msA.166r	20	smooth	urn:cite:hmt:msA.169v	no
urn:cite:hmt:msA.166v	20	hairy	urn:cite:hmt:msA.169r	no
urn:cite:hmt:msA.167r	20	hairy	urn:cite:hmt:msA.168v	no
urn:cite:hmt:msA.167v	20	smooth	urn:cite:hmt:msA.168r	no
urn:cite:hmt:msA.168r	20	smooth	urn:cite:hmt:msA.167v	no
urn:cite:hmt:msA.168v	20	hairy	urn:cite:hmt:msA.167r	no
urn:cite:hmt:msA.169r	20	hairy	urn:cite:hmt:msA.166v	no
urn:cite:hmt:msA.169v	20	smooth	urn:cite:hmt:msA.166r	no
urn:cite:hmt:msA.170r	20	smooth	urn:cite:hmt:msA.165v	no
urn:cite:hmt:msA.170v	20	hairy	urn:cite:hmt:msA.165r	no
urn:cite:hmt:msA.171r	20	hairy	urn:cite:hmt:msA.164v	no
urn:cite:hmt:msA.171v	20	smooth	urn:cite:hmt:msA.164r	no
urn:cite:hmt:msA.172r	21	smooth	urn:cite:hmt:msA.179v	no
urn:cite:hmt:msA.172v	21	hairy	urn:cite:hmt:msA.179r	no
urn:cite:hmt:msA.173r	21	hairy	urn:cite:hmt:msA.178v	no
urn:cite:hmt:msA.173v	21	smooth	urn:cite:hmt:msA.178r	no
urn:cite:hmt:msA.174r	21	smooth	urn:cite:hmt:msA.177v	no
urn:cite:hmt:msA.174v	21	hairy	urn:cite:hmt:msA.177r	no
urn:cite:hmt:msA.175r	21	hairy	urn:cite:hmt:msA.176v	no
urn:cite:hmt:msA.175v	21	smooth	urn:cite:hmt:msA.176r	no
urn:cite:hmt:msA.176r	21	smooth	urn:cite:hmt:msA.175v	no
urn:cite:hmt:msA.176v	21	hairy	urn:cite:hmt:msA.175r	no
urn:cite:hmt:msA.177r	21	hairy	urn:cite:hmt:msA.174v	no
urn:cite:hmt:msA.177v	21	smooth	urn:cite:hmt:msA.174r	no
urn:cite:hmt:msA.178r	21	smooth	urn:cite:hmt:msA.173v	no
urn:cite:hmt:msA.178v	21	hairy	urn:cite:hmt:msA.173r	no
urn:cite:hmt:msA.179r	21	hairy	urn:cite:hmt:msA.172v	no
urn:cite:hmt:msA.179v	21	smooth	urn:cite:hmt:msA.172r	no
urn:cite:hmt:msA.180r	22	smooth	urn:cite:hmt:msA.187v	no
urn:cite:hmt:msA.180v	22	hairy	urn:cite:hmt:msA.187r	no
urn:cite:hmt:msA.181r	22	hairy	urn:cite:hmt:msA.186v	no
urn:cite:hmt:msA.181v	22	smooth	urn:cite:hmt:msA.186r	no
urn:cite:hmt:msA.182r	22	smooth	urn:cite:hmt:msA.185v	no
urn:cite:hmt:msA.182v	22	hairy	urn:cite:hmt:msA.185r	no
urn:cite:hmt:msA.183r	22	hairy	urn:cite:hmt:msA.184v	no
urn:cite:hmt:msA.183v	22	smooth	urn:cite:hmt:msA.184r	no
urn:cite:hmt:msA.184r	22	smooth	urn:cite:hmt:msA.183v	no
urn:cite:hmt:msA.184v	22	hairy	urn:cite:hmt:msA.183r	no
urn:cite:hmt:msA.185r	22	hairy	urn:cite:hmt:msA.182v	no
urn:cite:hmt:msA.185v	22	smooth	urn:cite:hmt:msA.182r	no
urn:cite:hmt:msA.186r	22	smooth	urn:cite:hmt:msA.181v	no
urn:cite:hmt:msA.186v	22	hairy	urn:cite:hmt:msA.181r	no
urn:cite:hmt:msA.187r	22	hairy	urn:cite:hmt:msA.180v	no
urn:cite:hmt:msA.187v	22	smooth	urn:cite:hmt:msA.180r	no
urn:cite:hmt:msA.188r	23	smooth	urn:cite:hmt:msA.195v	no
urn:cite:hmt:msA.188v	23	hairy	urn:cite:hmt:msA.195r	no
urn:cite:hmt:msA.189r	23	hairy	urn:cite:hmt:msA.194v	no
urn:cite:hmt:msA.189v	23	smooth	urn:cite:hmt:msA.194r	no
urn:cite:hmt:msA.190r	23	smooth	urn:cite:hmt:msA.193v	no
urn:cite:hmt:msA.190v	23	hairy	urn:cite:hmt:msA.193r	no
urn:cite:hmt:msA.191r	23	hairy	urn:cite:hmt:msA.192v	no
urn:cite:hmt:msA.191v	23	smooth	urn:cite:hmt:msA.192r	no
urn:cite:hmt:msA.192r	23	smooth	urn:cite:hmt:msA.191v	no
urn:cite:hmt:msA.192v	23	hairy	urn:cite:hmt:msA.191r	no
urn:cite:hmt:msA.193r	23	hairy	urn:cite:hmt:msA.190v	no
urn:cite:hmt:msA.193v	23	smooth	urn:cite:hmt:msA.190r	no
urn:cite:hmt:msA.194r	23	smooth	urn:cite:hmt:msA.189v	no
urn:cite:hmt:msA.194v	23	hairy	urn:cite:hmt:msA.189r	no
urn:cite:hmt:msA.195r	23	hairy	urn:cite:hmt:msA.188v	no
urn:cite:hmt:msA.195v	23	smooth	urn:cite:hmt:msA.188r	no
urn:cite:hmt:msA.196r	24	smooth	urn:cite:hmt:msA.203v	no
urn:cite:hmt:msA.196v	24	hairy	urn:cite:hmt:msA.203r	no
urn:cite:hmt:msA.197r	24	hairy	urn:cite:hmt:msA.202v	no
urn:cite:hmt:msA.197v	24	smooth	urn:cite:hmt:msA.202r	no
urn:cite:hmt:msA.198r	24	smooth	urn:cite:hmt:msA.201v	no
urn:cite:hmt:msA.198v	24	hairy	urn:cite:hmt:msA.201r	no
urn:cite:hmt:msA.199r	24	hairy	urn:cite:hmt:msA.200v	no
urn:cite:hmt:msA.199v	24	smooth	urn:cite:hmt:msA.200r	no
urn:cite:hmt:msA.200r	24	smooth	urn:cite:hmt:msA.199v	no
urn:cite:hmt:msA.200v	24	hairy	urn:cite:hmt:msA.199r	no
urn:cite:hmt:msA.201r	24	hairy	urn:cite:hmt:msA.198v	no
urn:cite:hmt:msA.201v	24	smooth	urn:cite:hmt:msA.198r	no
urn:cite:hmt:msA.202r	24	smooth	urn:cite:hmt:msA.197v	no
urn:cite:hmt:msA.202v	24	hairy	urn:cite:hmt:msA.197r	no
urn:cite:hmt:msA.203r	24	hairy	urn:cite:hmt:msA.196v	no
urn:cite:hmt:msA.203v	24	smooth	urn:cite:hmt:msA.196r	no
urn:cite:hmt:msA.204r	25	smooth	urn:cite:hmt:msA.211v	no
urn:cite:hmt:msA.204v	25	hairy	urn:cite:hmt:msA.211r	no
urn:cite:hmt:msA.205r	25	hairy	urn:cite:hmt:msA.210v	no
urn:cite:hmt:msA.205v	25	smooth	urn:cite:hmt:msA.210r	no
urn:cite:hmt:msA.206r	25	smooth	urn:cite:hmt:msA.209v	no
urn:cite:hmt:msA.206v	25	hairy	urn:cite:hmt:msA.209r	no
urn:cite:hmt:msA.207r	25	hairy	urn:cite:hmt:msA.208v	no
urn:cite:hmt:msA.207v	25	smooth	urn:cite:hmt:msA.208r	no
urn:cite:hmt:msA.208r	25	smooth	urn:cite:hmt:msA.207v	no
urn:cite:hmt:msA.208v	25	hairy	urn:cite:hmt:msA.207r	no
urn:cite:hmt:msA.209r	25	hairy	urn:cite:hmt:msA.206v	no
urn:cite:hmt:msA.209v	25	smooth	urn:cite:hmt:msA.206r	no
urn:cite:hmt:msA.210r	25	smooth	urn:cite:hmt:msA.205v	no
urn:cite:hmt:msA.210v	25	hairy	urn:cite:hmt:msA.205r	no
urn:cite:hmt:msA.211r	25	hairy	urn:cite:hmt:msA.204v	no
urn:cite:hmt:msA.211v	25	smooth	urn:cite:hmt:msA.204r	no
urn:cite:hmt:msA.212r	26	smooth	urn:cite:hmt:msA.219v	no
urn:cite:hmt:msA.212v	26	hairy	urn:cite:hmt:msA.219r	no
urn:cite:hmt:msA.213r	26	hairy	urn:cite:hmt:msA.218v	no
urn:cite:hmt:msA.213v	26	smooth	urn:cite:hmt:msA.218r	no
urn:cite:hmt:msA.214r	26	smooth	urn:cite:hmt:msA.217v	no
urn:cite:hmt:msA.214v	26	hairy	urn:cite:hmt:msA.217r	no
urn:cite:hmt:msA.215r	26	hairy	urn:cite:hmt:msA.216v	no
urn:cite:hmt:msA.215v	26	smooth	urn:cite:hmt:msA.216r	no
urn:cite:hmt:msA.216r	26	smooth	urn:cite:hmt:msA.215v	no
urn:cite:hmt:msA.216v	26	hairy	urn:cite:hmt:msA.215r	no
urn:cite:hmt:msA.217r	26	hairy	urn:cite:hmt:msA.214v	no
urn:cite:hmt:msA.217v	26	smooth	urn:cite:hmt:msA.214r	no
urn:cite:hmt:msA.218r	26	smooth	urn:cite:hmt:msA.213v	no
urn:cite:hmt:msA.218v	26	hairy	urn:cite:hmt:msA.213r	no
urn:cite:hmt:msA.219r	26	hairy	urn:cite:hmt:msA.212v	no
urn:cite:hmt:msA.219v	26	smooth	urn:cite:hmt:msA.212r	no
urn:cite:hmt:msA.220r	27	smooth	urn:cite:hmt:msA.227v	no
urn:cite:hmt:msA.220v	27	hairy	urn:cite:hmt:msA.227r	no
urn:cite:hmt:msA.221r	27	hairy	urn:cite:hmt:msA.226v	no
urn:cite:hmt:msA.221v	27	smooth	urn:cite:hmt:msA.226r	no
urn:cite:hmt:msA.222r	27	smooth	urn:cite:hmt:msA.225v	no
urn:cite:hmt:msA.222v	27	hairy	urn:cite:hmt:msA.225r	no
urn:cite:hmt:msA.223r	27	hairy	urn:cite:hmt:msA.224v	no
urn:cite:hmt:msA.223v	27	smooth	urn:cite:hmt:msA.224r	no
urn:cite:hmt:msA.224r	27	smooth	urn:cite:hmt:msA.223v	no
urn:cite:hmt:msA.224v	27	hairy	urn:cite:hmt:msA.223r	no
urn:cite:hmt:msA.225r	27	hairy	urn:cite:hmt:msA.222v	no
urn:cite:hmt:msA.225v	27	smooth	urn:cite:hmt:msA.222r	no
urn:cite:hmt:msA.226r	27	smooth	urn:cite:hmt:msA.221v	no
urn:cite:hmt:msA.226v	27	hairy	urn:cite:hmt:msA.221r	no
urn:cite:hmt:msA.227r	27	hairy	urn:cite:hmt:msA.220v	no
urn:cite:hmt:msA.227v	27	smooth	urn:cite:hmt:msA.220r	no
urn:cite:hmt:msA.228r	28	smooth	urn:cite:hmt:msA.235v	no
urn:cite:hmt:msA.228v	28	hairy	urn:cite:hmt:msA.235r	no
urn:cite:hmt:msA.229r	28	hairy	urn:cite:hmt:msA.234v	yes
urn:cite:hmt:msA.229v	28	smooth	urn:cite:hmt:msA.234r	yes
urn:cite:hmt:msA.230r	28	smooth	urn:cite:hmt:msA.233v	yes
urn:cite:hmt:msA.230v	28	hairy	urn:cite:hmt:msA.233r	yes
urn:cite:hmt:msA.231r	28	hairy	urn:cite:hmt:msA.232v	yes
urn:cite:hmt:msA.231v	28	smooth	urn:cite:hmt:msA.232r	yes
urn:cite:hmt:msA.232r	28	smooth	urn:cite:hmt:msA.231v	yes
urn:cite:hmt:msA.232v	28	hairy	urn:cite:hmt:msA.231r	yes
urn:cite:hmt:msA.233r	28	hairy	urn:cite:hmt:msA.230v	yes
urn:cite:hmt:msA.233v	28	smooth	urn:cite:hmt:msA.230r	yes
urn:cite:hmt:msA.234r	28	smooth	urn:cite:hmt:msA.229v	yes
urn:cite:hmt:msA.234v	28	hairy	urn:cite:hmt:msA.229r	yes
urn:cite:hmt:msA.235r	28	hairy	urn:cite:hmt:msA.228v	no
urn:cite:hmt:msA.235v	28	smooth	urn:cite:hmt:msA.228r	no
urn:cite:hmt:msA.236r	29	smooth	urn:cite:hmt:msA.243v	no
urn:cite:hmt:msA.236v	29	hairy	urn:cite:hmt:msA.243r	no
urn:cite:hmt:msA.237r	29	hairy	urn:cite:hmt:msA.242v	no
urn:cite:hmt:msA.237v	29	smooth	urn:cite:hmt:msA.242r	no
urn:cite:hmt:msA.238r	29	smooth	urn:cite:hmt:msA.241v	yes
urn:cite:hmt:msA.238v	29	hairy	urn:cite:hmt:msA.241r	yes
urn:cite:hmt:msA.239r	29	hairy	urn:cite:hmt:msA.240v	no
urn:cite:hmt:msA.239v	29	smooth	urn:cite:hmt:msA.240r	no
urn:cite:hmt:msA.240r	29	smooth	urn:cite:hmt:msA.239v	no
urn:cite:hmt:msA.240v	29	hairy	urn:cite:hmt:msA.239r	no
urn:cite:hmt:msA.241r	29	hairy	urn:cite:hmt:msA.238v	no
urn:cite:hmt:msA.241v	29	smooth	urn:cite:hmt:msA.238r	no
urn:cite:hmt:msA.242r	29	smooth	urn:cite:hmt:msA.237v	no
urn:cite:hmt:msA.242v	29	hairy	urn:cite:hmt:msA.237r	no
urn:cite:hmt:msA.243r	29	hairy	urn:cite:hmt:msA.236v	no
urn:cite:hmt:msA.243v	29	smooth	urn:cite:hmt:msA.236r	no
urn:cite:hmt:msA.244r	30	smooth	urn:cite:hmt:msA.251v	no
urn:cite:hmt:msA.244v	30	hairy	urn:cite:hmt:msA.251r	no
urn:cite:hmt:msA.245r	30	hairy	urn:cite:hmt:msA.250v	no
urn:cite:hmt:msA.245v	30	smooth	urn:cite:hmt:msA.250r	no
urn:cite:hmt:msA.246r	30	smooth	urn:cite:hmt:msA.249v	no
urn:cite:hmt:msA.246v	30	hairy	urn:cite:hmt:msA.249r	no
urn:cite:hmt:msA.247r	30	hairy	urn:cite:hmt:msA.248v	no
urn:cite:hmt:msA.247v	30	smooth	urn:cite:hmt:msA.248r	no
urn:cite:hmt:msA.248r	30	smooth	urn:cite:hmt:msA.247v	no
urn:cite:hmt:msA.248v	30	hairy	urn:cite:hmt:msA.247r	no
urn:cite:hmt:msA.249r	30	hairy	urn:cite:hmt:msA.246v	no
urn:cite:hmt:msA.249v	30	smooth	urn:cite:hmt:msA.246r	no
urn:cite:hmt:msA.250r	30	smooth	urn:cite:hmt:msA.245v	no
urn:cite:hmt:msA.250v	30	hairy	urn:cite:hmt:msA.245r	no
urn:cite:hmt:msA.251r	30	hairy	urn:cite:hmt:msA.244v	no
urn:cite:hmt:msA.251v	30	smooth	urn:cite:hmt:msA.244r	no
urn:cite:hmt:msA.252r	31	smooth	urn:cite:hmt:msA.259v	no
urn:cite:hmt:msA.252v	31	hairy	urn:cite:hmt:msA.259r	no
urn:cite:hmt:msA.253r	31	hairy	urn:cite:hmt:msA.258v	no
urn:cite:hmt:msA.253v	31	smooth	urn:cite:hmt:msA.258r	no
urn:cite:hmt:msA.254r	31	smooth	urn:cite:hmt:msA.257v	yes
urn:cite:hmt:msA.254v	31	hairy	urn:cite:hmt:msA.257r	yes
urn:cite:hmt:msA.255r	31	hairy	urn:cite:hmt:msA.256v	yes
urn:cite:hmt:msA.255v	31	smooth	urn:cite:hmt:msA.256r	yes
urn:cite:hmt:msA.256r	31	smooth	urn:cite:hmt:msA.255v	yes
urn:cite:hmt:msA.256v	31	hairy	urn:cite:hmt:msA.255r	yes
urn:cite:hmt:msA.257r	31	hairy	urn:cite:hmt:msA.254v	yes
urn:cite:hmt:msA.257v	31	smooth	urn:cite:hmt:msA.254r	yes
urn:cite:hmt:msA.258r	31	smooth	urn:cite:hmt:msA.253v	no
urn:cite:hmt:msA.258v	31	hairy	urn:cite:hmt:msA.253r	no
urn:cite:hmt:msA.259r	31	hairy	urn:cite:hmt:msA.252v	no
urn:cite:hmt:msA.259v	31	smooth	urn:cite:hmt:msA.252r	no
urn:cite:hmt:msA.260r	32	smooth	urn:cite:hmt:msA.267v	no
urn:cite:hmt:msA.260v	32	hairy	urn:cite:hmt:msA.267r	no
urn:cite:hmt:msA.261r	32	hairy	urn:cite:hmt:msA.266v	no
urn:cite:hmt:msA.261v	32	smooth	urn:cite:hmt:msA.266r	no
urn:cite:hmt:msA.262r	32	smooth	urn:cite:hmt:msA.265v	no
urn:cite:hmt:msA.262v	32	hairy	urn:cite:hmt:msA.265r	no
urn:cite:hmt:msA.263r	32	hairy	urn:cite:hmt:msA.264v	no
urn:cite:hmt:msA.263v	32	smooth	urn:cite:hmt:msA.264r	no
urn:cite:hmt:msA.264r	32	smooth	urn:cite:hmt:msA.263v	no
urn:cite:hmt:msA.264v	32	hairy	urn:cite:hmt:msA.263r	no
urn:cite:hmt:msA.265r	32	hairy	urn:cite:hmt:msA.262v	no
urn:cite:hmt:msA.265v	32	smooth	urn:cite:hmt:msA.262r	no
urn:cite:hmt:msA.266r	32	smooth	urn:cite:hmt:msA.261v	no
urn:cite:hmt:msA.266v	32	hairy	urn:cite:hmt:msA.261r	no
urn:cite:hmt:msA.267r	32	hairy	urn:cite:hmt:msA.260v	no
urn:cite:hmt:msA.267v	32	smooth	urn:cite:hmt:msA.260r	no
urn:cite:hmt:msA.268r	33	smooth	urn:cite:hmt:msA.275v	no
urn:cite:hmt:msA.268v	33	hairy	urn:cite:hmt:msA.275r	no
urn:cite:hmt:msA.269r	33	hairy	urn:cite:hmt:msA.274v	no
urn:cite:hmt:msA.269v	33	smooth	urn:cite:hmt:msA.274r	no
urn:cite:hmt:msA.270r	33	smooth	urn:cite:hmt:msA.273v	no
urn:cite:hmt:msA.270v	33	hairy	urn:cite:hmt:msA.273r	no
urn:cite:hmt:msA.271r	33	hairy	urn:cite:hmt:msA.272v	no
urn:cite:hmt:msA.271v	33	smooth	urn:cite:hmt:msA.272r	no
urn:cite:hmt:msA.272r	33	smooth	urn:cite:hmt:msA.271v	no
urn:cite:hmt:msA.272v	33	hairy	urn:cite:hmt:msA.271r	no
urn:cite:hmt:msA.273r	33	hairy	urn:cite:hmt:msA.270v	no
urn:cite:hmt:msA.273v	33	smooth	urn:cite:hmt:msA.270r	no
urn:cite:hmt:msA.274r	33	smooth	urn:cite:hmt:msA.269v	no
urn:cite:hmt:msA.274v	33	hairy	urn:cite:hmt:msA.269r	no
urn:cite:hmt:msA.275r	33	hairy	urn:cite:hmt:msA.268v	no
urn:cite:hmt:msA.275v	33	smooth	urn:cite:hmt:msA.268r	no
urn:cite:hmt:msA.276r	34	smooth	urn:cite:hmt:msA.283v	no
urn:cite:hmt:msA.276v	34	hairy	urn:cite:hmt:msA.283r	no
urn:cite:hmt:msA.277r	34	hairy	urn:cite:hmt:msA.282v	no
urn:cite:hmt:msA.277v	34	smooth	urn:cite:hmt:msA.282r	no
urn:cite:hmt:msA.278r	34	smooth	urn:cite:hmt:msA.281v	no
urn:cite:hmt:msA.278v	34	hairy	urn:cite:hmt:msA.281r	no
urn:cite:hmt:msA.279r	34	hairy	urn:cite:hmt:msA.280v	no
urn:cite:hmt:msA.279v	34	smooth	urn:cite:hmt:msA.280r	no
urn:cite:hmt:msA.280r	34	smooth	urn:cite:hmt:msA.279v	no
urn:cite:hmt:msA.280v	34	hairy	urn:cite:hmt:msA.279r	no
urn:cite:hmt:msA.281r	34	hairy	urn:cite:hmt:msA.278v	no
urn:cite:hmt:msA.281v	34	smooth	urn:cite:hmt:msA.278r	no
urn:cite:hmt:msA.282r	34	smooth	urn:cite:hmt:msA.277v	no
urn:cite:hmt:msA.282v	34	hairy	urn:cite:hmt:msA.277r	no
urn:cite:hmt:msA.283r	34	hairy	urn:cite:hmt:msA.276v	no
urn:cite:hmt:msA.283v	34	smooth	urn:cite:hmt:msA.276r	no
urn:cite:hmt:msA.284r	35	smooth	urn:cite:hmt:msA.291v	no
urn:cite:hmt:msA.284v	35	hairy	urn:cite:hmt:msA.291r	no
urn:cite:hmt:msA.285r	35	hairy	urn:cite:hmt:msA.290v	no
urn:cite:hmt:msA.285v	35	smooth	urn:cite:hmt:msA.290r	no
urn:cite:hmt:msA.286r	35	smooth	urn:cite:hmt:msA.289v	no
urn:cite:hmt:msA.286v	35	hairy	urn:cite:hmt:msA.289r	no
urn:cite:hmt:msA.287r	35	hairy	urn:cite:hmt:msA.288v	no
urn:cite:hmt:msA.287v	35	smooth	urn:cite:hmt:msA.288r	no
urn:cite:hmt:msA.288r	35	smooth	urn:cite:hmt:msA.287v	no
urn:cite:hmt:msA.288v	35	hairy	urn:cite:hmt:msA.287r	no
urn:cite:hmt:msA.289r	35	hairy	urn:cite:hmt:msA.286v	no
urn:cite:hmt:msA.289v	35	smooth	urn:cite:hmt:msA.286r	no
urn:cite:hmt:msA.290r	35	smooth	urn:cite:hmt:msA.285v	no
urn:cite:hmt:msA.290v	35	hairy	urn:cite:hmt:msA.285r	no
urn:cite:hmt:msA.291r	35	hairy	urn:cite:hmt:msA.284v	no
urn:cite:hmt:msA.291v	35	smooth	urn:cite:hmt:msA.284r	no
urn:cite:hmt:msA.292r	36	smooth	urn:cite:hmt:msA.299v	no
urn:cite:hmt:msA.292v	36	hairy	urn:cite:hmt:msA.299r	no
urn:cite:hmt:msA.293r	36	hairy	urn:cite:hmt:msA.298v	no
urn:cite:hmt:msA.293v	36	smooth	urn:cite:hmt:msA.298r	no
urn:cite:hmt:msA.294r	36	smooth	urn:cite:hmt:msA.297v	no
urn:cite:hmt:msA.294v	36	hairy	urn:cite:hmt:msA.297r	no
urn:cite:hmt:msA.295r	36	hairy	urn:cite:hmt:msA.296v	no
urn:cite:hmt:msA.295v	36	smooth	urn:cite:hmt:msA.296r	no
urn:cite:hmt:msA.296r	36	smooth	urn:cite:hmt:msA.295v	no
urn:cite:hmt:msA.296v	36	hairy	urn:cite:hmt:msA.295r	no
urn:cite:hmt:msA.297r	36	hairy	urn:cite:hmt:msA.294v	no
urn:cite:hmt:msA.297v	36	smooth	urn:cite:hmt:msA.294r	no
urn:cite:hmt:msA.298r	36	smooth	urn:cite:hmt:msA.293v	no
urn:cite:hmt:msA.298v	36	hairy	urn:cite:hmt:msA.293r	no
urn:cite:hmt:msA.299r	36	hairy	urn:cite:hmt:msA.292v	no
urn:cite:hmt:msA.299v	36	smooth	urn:cite:hmt:msA.292r	no
urn:cite:hmt:msA.300r	37	smooth	urn:cite:hmt:msA.307v	no
urn:cite:hmt:msA.300v	37	hairy	urn:cite:hmt:msA.307r	no
urn:cite:hmt:msA.301r	37	hairy	urn:cite:hmt:msA.306v	no
urn:cite:hmt:msA.301v	37	smooth	urn:cite:hmt:msA.306r	no
urn:cite:hmt:msA.302r	37	smooth	urn:cite:hmt:msA.305v	no
urn:cite:hmt:msA.302v	37	hairy	urn:cite:hmt:msA.305r	no
urn:cite:hmt:msA.303r	37	hairy	urn:cite:hmt:msA.304v	no
urn:cite:hmt:msA.303v	37	smooth	urn:cite:hmt:msA.304r	no
urn:cite:hmt:msA.304r	37	smooth	urn:cite:hmt:msA.303v	no
urn:cite:hmt:msA.304v	37	hairy	urn:cite:hmt:msA.303r	no
urn:cite:hmt:msA.305r	37	hairy	urn:cite:hmt:msA.302v	no
urn:cite:hmt:msA.305v	37	smooth	urn:cite:hmt:msA.302r	no
urn:cite:hmt:msA.306r	37	smooth	urn:cite:hmt:msA.301v	no
urn:cite:hmt:msA.306v	37	hairy	urn:cite:hmt:msA.301r	no
urn:cite:hmt:msA.307r	37	hairy	urn:cite:hmt:msA.300v	no
urn:cite:hmt:msA.307v	37	smooth	urn:cite:hmt:msA.300r	no
urn:cite:hmt:msA.308r	38	smooth	urn:cite:hmt:msA.315v	no
urn:cite:hmt:msA.308v	38	hairy	urn:cite:hmt:msA.315r	no
urn:cite:hmt:msA.309r	38	hairy	urn:cite:hmt:msA.314v	no
urn:cite:hmt:msA.309v	38	smooth	urn:cite:hmt:msA.314r	no
urn:cite:hmt:msA.310r	38	smooth	urn:cite:hmt:msA.313v	no
urn:cite:hmt:msA.310v	38	hairy	urn:cite:hmt:msA.313r	no
urn:cite:hmt:msA.311r	38	hairy	urn:cite:hmt:msA.312v	no
urn:cite:hmt:msA.311v	38	smooth	urn:cite:hmt:msA.312r	no
urn:cite:hmt:msA.312r	38	smooth	urn:cite:hmt:msA.311v	no
urn:cite:hmt:msA.312v	38	hairy	urn:cite:hmt:msA.311r	no
urn:cite:hmt:msA.313r	38	hairy	urn:cite:hmt:msA.310v	no
urn:cite:hmt:msA.313v	38	smooth	urn:cite:hmt:msA.310r	no
urn:cite:hmt:msA.314r	38	smooth	urn:cite:hmt:msA.309v	no
urn:cite:hmt:msA.314v	38	hairy	urn:cite:hmt:msA.309r	no
urn:cite:hmt:msA.315r	38	hairy	urn:cite:hmt:msA.308v	no
urn:cite:hmt:msA.315v	38	smooth	urn:cite:hmt:msA.308r	no
urn:cite:hmt:msA.316r	39	smooth	urn:cite:hmt:msA.323v	no
urn:cite:hmt:msA.316v	39	hairy	urn:cite:hmt:msA.323r	no
urn:cite:hmt:msA.317r	39	hairy	urn:cite:hmt:msA.322v	no
urn:cite:hmt:msA.317v	39	smooth	urn:cite:hmt:msA.322r	no
urn:cite:hmt:msA.318r	39	smooth	urn:cite:hmt:msA.321v	no
urn:cite:hmt:msA.318v	39	hairy	urn:cite:hmt:msA.321r	no
urn:cite:hmt:msA.319r	39	hairy	urn:cite:hmt:msA.320v	yes
urn:cite:hmt:msA.319v	39	smooth	urn:cite:hmt:msA.320r	yes
urn:cite:hmt:msA.320r	39	smooth	urn:cite:hmt:msA.319v	yes
urn:cite:hmt:msA.320v	39	hairy	urn:cite:hmt:msA.319r	yes
urn:cite:hmt:msA.321r	39	hairy	urn:cite:hmt:msA.318v	no
urn:cite:hmt:msA.321v	39	smooth	urn:cite:hmt:msA.318r	no
urn:cite:hmt:msA.322r	39	smooth	urn:cite:hmt:msA.317v	no
urn:cite:hmt:msA.322v	39	hairy	urn:cite:hmt:msA.317r	no
urn:cite:hmt:msA.323r	39	hairy	urn:cite:hmt:msA.316v	no
urn:cite:hmt:msA.323v	39	smooth	urn:cite:hmt:msA.316r	no
urn:cite:hmt:msA.324r	0	smooth	urn:cite:hmt:msA.327v	no
urn:cite:hmt:msA.324v	0	hairy	urn:cite:hmt:msA.327r	no
urn:cite:hmt:msA.325r	0	hairy	urn:cite:hmt:msA.326v	no
urn:cite:hmt:msA.325v	0	smooth	urn:cite:hmt:msA.326r	no
urn:cite:hmt:msA.326r	0	smooth	urn:cite:hmt:msA.325v	no
urn:cite:hmt:msA.326v	0	hairy	urn:cite:hmt:msA.325r	no
urn:cite:hmt:msA.327r	0	hairy	urn:cite:hmt:msA.324v	no
urn:cite:hmt:msA.327v	0	smooth	urn:cite:hmt:msA.324r	no
